Title,Creator,AgeRecommendation,Active,Favorites,Visits,VoiceChat,Camera,Created,Updated,ServerSize,Genre,Likes,Dislikes
üéÉ Counter Blox: Source 2,Star Studios Forever,All Ages,107,2048,578.7K+,Not Supported,Supported,10/6/2024,10/24/2024,16,N/A,565,251
üéÉ Creatures of Sonaria üñ§ Survive Kaiju Animals,Sonar Studios,Ages 9+,23408,3715767,1.0B+,Not Supported,Not Supported,6/26/2020,11/2/2024,75,Roleplay &amp; Avatar Sim,711K+,73K+
üéÉ DOORS üëÅÔ∏è,LSPLASH,All Ages,27666,6715142,5.7B+,Supported,Not Supported,3/14/2021,11/4/2024,40,Survival,3M+,291K+
üéÉ Drone Simulator,Two steps ahead,All Ages,336,435738,3.1M+,Supported,Supported,7/2/2024,11/4/2024,20,N/A,9251,1208
üéÉ Easy Size Obby,Classic Obby,All Ages,900,4397566,30.1M+,Supported,Not Supported,8/6/2023,10/28/2024,25,Obby &amp; Platformer,2235,993
üéÉ Funky Friday,Lyte Interactive,All Ages,2996,4040565,1.8B+,Supported,Not Supported,2/27/2021,10/27/2024,18,Action,1M+,199K+
üéÉ Hide or Die!,0 CCU Games,All Ages,17351,1731375,50.9M+,Supported,Supported,8/4/2024,11/3/2024,16,Party &amp; Casual,35K+,6553
üéÉ Midnight Movies [HORROR],Mousetrap Midnight,All Ages,281,189127,2.8M+,Supported,Supported,9/8/2024,10/28/2024,25,Adventure,4450,509
üéÉ OBSCURE [HORROR] Chapter 1,Tacca_BioX,Ages 13+,126,234711,8.1M+,Supported,Not Supported,4/2/2023,11/3/2024,45,Adventure,48K+,7363
üéÉ RIVALS,Nosniy Games,Ages 9+,52103,13882448,1.3B+,Supported,Supported,5/27/2024,10/31/2024,40,Shooter,2M+,123K+
üéÉ Short Horror Games,Cryptid Horror,All Ages,3300,256766,11.9M+,Supported,Supported,7/11/2024,10/29/2024,24,N/A,10K+,2836
üéÉ The Maze Runner,Revolution Games,Ages 9+,218,298663,27.6M+,Supported,Not Supported,10/18/2014,10/27/2024,30,Survival,78K+,12K+
üéÉ Titan Training Simulator,Avalora Studio,All Ages,550,1618707,43.1M+,Supported,Supported,6/26/2024,11/3/2024,12,Simulation,78K+,4438
üéÉ UGC Steal Points,UnderGame Studios,Ages 9+,947,18582,13.7M+,Supported,Supported,1/16/2024,11/4/2024,24,Action,25K+,4369
üéÉ Westbound [Event],Moondrop Studios,Ages 9+,1748,1257143,324.0M+,Supported,Not Supported,10/10/2018,11/1/2024,30,Adventure,425K+,67K+
üéÉ Work at a Restaurant Roleplay,Restaurant Roleplay,All Ages,21,43583,13.0M+,Not Supported,Not Supported,1/31/2021,11/2/2024,50,Roleplay &amp; Avatar Sim,22K+,5402
üéÉ[10X] Strongman Simulator,The Gang Stockholm,All Ages,1632,2015371,1.4B+,Not Supported,Not Supported,5/4/2021,11/1/2024,10,Simulation,677K+,53K+
üéÉ[üî•UPD9]Cultivation Simulator,Firefly Simulator,Ages 9+,2139,27185,8.2M+,Not Supported,Supported,7/25/2024,11/4/2024,8,Simulation,42K+,2317
üéÉ‚ú® [BETA] Transformers Crossfire,Marmot's Oven,Ages 9+,582,46349,10.6M+,Not Supported,Supported,2/19/2024,11/4/2024,20,Action,15K+,1690
üéÉBooga Booga [REBORN],Gang O' Fries Entertainment,Ages 9+,1893,348758,162.1M+,Supported,Not Supported,12/3/2022,11/4/2024,40,RPG,122K+,25K+
üéÉüì∏PhotoShoot x Green Screen Studio,PSxGS,All Ages,423,208776,110.0M+,Not Supported,Not Supported,1/16/2018,11/1/2024,15,Entertainment,36K+,3927
üéÉüç£ Conveyor Sushi Restaurant,DuoTale Studios,All Ages,990,663571,141.6M+,Not Supported,Not Supported,12/18/2022,11/3/2024,32,Simulation,219K+,11K+
üéÉInfectious Smile [HALLOWEEN],laughablehaha,Ages 9+,4385,1939748,974.0M+,Supported,Not Supported,11/22/2020,11/4/2024,35,Survival,528K+,143K+
üéÉMONSTER TRUCK Drive World üèéÔ∏è Drifting &amp; Racing ,Drive World | Twin Atlas,All Ages,2296,3853087,258.9M+,Supported,Not Supported,8/25/2022,11/2/2024,30,Simulation,398K+,21K+
üéÉMrSmartyPants' Cooking Roleplay ,MrSmartyPants,Ages 9+,26,26042,8.3M+,Not Supported,Not Supported,9/30/2022,11/4/2024,100,Roleplay &amp; Avatar Sim,3915,933
üéÉShrek in The Backrooms ,The MonkeyMan Fan Club,Ages 9+,2527,1125461,440.4M+,Supported,Not Supported,5/3/2022,11/4/2024,12,Survival,389K+,53K+
üéÉSilly Simon Says,Nomo Falls,All Ages,2027,362796,304.2M+,Supported,Not Supported,2/6/2023,11/4/2024,8,Party &amp; Casual,105K+,24K+
üéÉSurvive and Kill the Killers in Area 51 !!!,@homermafia1,Ages 13+,2488,3735764,1.6B+,Not Supported,Not Supported,4/30/2014,10/30/2024,99,Survival,887K+,109K+
üéüÔ∏èDandy's World [ALPHA],BlushCrunch Studio,Ages 9+,58306,383955,475.2M+,Not Supported,Not Supported,1/26/2024,11/2/2024,30,Survival,228K+,18K+
üéüÔ∏èDandy's World [ALPHA]|BlushCrunch Studio|Ages 9+|54854|387315|483.4M+|Not Supported|Not Supported|1/26/2024|11/5/2024|30|Survival|230K+|18K+||11/05/2024 21:56:03,,,,,,,,,,,,,
easiest game on roblox!|@robey100|All Ages|239|43533|97.2M+|Not Supported|Supported|1/21/2024|10/11/2024|1|N/A|16K+|7778||11/05/2024 21:55:44,,,,,,,,,,,,,
Easy Grow Obby,Building Obbys :D,All Ages,1272,23148410,420.6M+,Supported,Not Supported,5/12/2023,10/16/2024,25,Obby &amp; Platformer,58K+,17K+
Easy Logo Quiz!|Guess?!|All Ages|127|11397|20.5M+|Supported|Supported|9/16/2023|4/7/2024|40|Party &amp; Casual|1447|579||11/05/2024 21:56:05,,,,,,,,,,,,,
Easy Obby,@zknx,All Ages,1093,1041081,1.3B+,Not Supported,Not Supported,11/19/2020,10/29/2024,15,Obby &amp; Platformer,195K+,52K+
Easy Pole Obby,Original Obbys :3,All Ages,783,879583,63.4M+,Not Supported,Not Supported,10/1/2023,10/31/2024,25,Obby &amp; Platformer,22K+,8034
Eat Blobs to Grow MASSIVE,Bloob Studios,All Ages,784,382999,7.9M+,Not Supported,Supported,9/5/2024,10/26/2024,12,Simulation,20K+,6036
Eat Me! (2 Player Teamwork Obby),Mirabilis Games,All Ages,213,981066,21.0M+,Supported,Not Supported,8/17/2023,10/21/2024,20,Obby &amp; Platformer,6181,2511
Eat Same Color Food Challenge,SAND4,All Ages,876,4292712,64.4M+,Supported,Supported,8/17/2023,10/22/2024,21,Party &amp; Casual,13K+,2603
Eat the World [NEW MAPS],mPhase,Ages 9+,6739,15017459,259.8M+,Supported,Supported,2/23/2024,10/27/2024,8,Simulation,609K+,35K+
Elemental Powers Tycoon,Giggle Inc,Ages 9+,7236,1898136,668.5M+,Supported,Supported,7/17/2022,10/5/2024,12,Simulation,221K+,26K+
Elevator of Fun [üéÉ HALLOWEEN!],ZER0 TEAM,All Ages,695,805213,12.3M+,Supported,Supported,6/22/2024,11/4/2024,15,Party &amp; Casual,6419,2491
Elimination Tower,Jambe Games,All Ages,638,712134,242.7M+,Not Supported,Not Supported,8/10/2019,6/7/2024,40,Party &amp; Casual,133K+,59K+
Emergency Emden V2,Emergency Emden,Ages 9+,210,64210,32.2M+,Supported,Not Supported,3/8/2023,11/3/2024,34,Roleplay &amp; Avatar Sim,30K+,5013
Emergency Hamburg,Emergency Hamburg,Ages 9+,3656,524211,448.8M+,Supported,Not Supported,10/12/2021,11/3/2024,42,Roleplay &amp; Avatar Sim,209K+,39K+
EMOTIONS POLICE FAMILY PRISON RUN ESCAPE! (Obby),Grandpa obbies,All Ages,1088,220526,26.8M+,Not Supported,Supported,7/28/2024,10/26/2024,14,Obby &amp; Platformer,560,791
Encounters ‚öîÔ∏è Fighting,Encounters by Voldex,Ages 9+,464,731296,378.5M+,Supported,Not Supported,9/18/2021,8/12/2024,45,Action,409K+,70K+
ENTRENCHED WW1 BETA,Edot,Ages 9+,1202,632521,89.8M+,Not Supported,Not Supported,8/18/2019,9/17/2024,40,Shooter,174K+,16K+
Epic Minigames ‚ú®,@TypicalType,All Ages,2178,6902912,2.1B+,Supported,Supported,7/29/2015,11/4/2024,12,Party &amp; Casual,1M+,219K+
EPIC SCHOOL ESCAPE! (OBBY),@Robowon1,All Ages,1500,4666,13.0M+,Not Supported,Supported,6/7/2024,10/16/2024,15,N/A,886,795
Escape Angry Head,Shestvie Official [RU],All Ages,855,26564,60.9M+,Supported,Not Supported,3/25/2024,11/4/2024,6,Survival,3377,2442
Escape Baby Bobby Daycare! (FIRST PERSON OBBY),Decent Obbies,All Ages,1040,7517148,404.3M+,Supported,Not Supported,1/8/2023,10/6/2024,12,Obby &amp; Platformer,22K+,25K+
Escape Mr Funny's ToyShop! (SCARY OBBY),@PlatinumFalls,All Ages,943,381912,386.7M+,Supported,Not Supported,10/26/2021,8/20/2023,10,Obby &amp; Platformer,77K+,51K+
Escape Papa Pizza's Pizzeria! (SCARY OBBY),@PlatinumFalls,All Ages,1947,419954,596.5M+,Not Supported,Not Supported,6/11/2021,7/10/2024,10,Obby &amp; Platformer,79K+,93K+
Escape Running Head,@manato48,Ages 9+,9630,1623945,2.1B+,Supported,Supported,1/7/2021,10/18/2024,6,Survival,250K+,77K+
Escape School Obby! (NEW) üéÉ ,Outcast Arts,All Ages,428,2012264,115.8M+,Supported,Supported,7/11/2020,10/13/2024,12,Obby &amp; Platformer,63K+,16K+
Escape The Carnival of Terror Obby! ,@PlatinumFalls,All Ages,2551,635159,859.4M+,Not Supported,Not Supported,12/29/2020,7/10/2024,10,Obby &amp; Platformer,95K+,78K+
ESCAPE THE PLAYGROUND OBBY!,1Tiiger Studio,All Ages,945,26844,11.3M+,Not Supported,Not Supported,5/17/2023,10/23/2024,15,Obby &amp; Platformer,3449,3035
Every Click +1 Jump üöÄ,lol games..,All Ages,1162,1060579,10.1M+,Supported,Not Supported,8/3/2024,11/3/2024,15,N/A,13K+,869
Every Click +1 Speed ‚ö°,lol games..,All Ages,964,2263943,20.4M+,Supported,Not Supported,8/3/2024,11/3/2024,15,Simulation,16K+,1580
Every Second You Get +1 Speed But You‚Äôre On a Bike,lol games..,All Ages,731,3806598,126.9M+,Supported,Not Supported,2/19/2024,11/3/2024,15,Simulation,130K+,9874
Every Second You Get Older [üéÉHALLOWEENüéÉ],Children Falling Inc,All Ages,280,92219,87.3M+,Not Supported,Not Supported,2/5/2023,11/2/2024,20,Simulation,17K+,9128
Evolution Simulator,Evolutionary Fans,All Ages,73,13089,2.8M+,Not Supported,Supported,7/3/2024,10/17/2024,11,N/A,6811,2293
Fall in a Hole!,Sun Day Studios,All Ages,250,30821,31.6M+,Not Supported,Not Supported,4/2/2023,3/31/2024,20,Simulation,82K+,3859
Family Life üè† RP,Big World Creative,All Ages,396,118812,185.8M+,Not Supported,Not Supported,11/16/2022,11/1/2024,20,Roleplay &amp; Avatar Sim,49K+,7484
Fantasia üëë,sheki studio,All Ages,1756,1813070,247.5M+,Supported,Supported,10/19/2021,10/20/2024,40,Roleplay &amp; Avatar Sim,156K+,15K+
Farming and Friends,Dunn Games,All Ages,1928,533965,144.5M+,Supported,Not Supported,1/22/2019,11/1/2024,8,Simulation,188K+,28K+
Fashion Famous: üì∏,Fashion Famous,All Ages,703,4743784,2.2B+,Not Supported,Not Supported,12/7/2016,10/15/2024,10,Roleplay &amp; Avatar Sim,565K+,101K+
Fast Food Tycoon üçî,Super Food Studios,All Ages,57,289483,4.2M+,Not Supported,Not Supported,5/13/2024,9/21/2024,9,Simulation,1028,862
Feed Or Get Eaten By Noob!,TestGroup158,All Ages,130,63,193.8K+,Not Supported,Supported,10/15/2024,11/2/2024,25,N/A,11,9
Field Trip Z,Splitting Point Studios,All Ages,1693,1671771,1.0B+,Not Supported,Not Supported,4/28/2020,11/13/2023,43,Adventure,313K+,90K+
Figure's Library,@RakeV8,Ages 9+,665,11005,9.8M+,Not Supported,Not Supported,1/23/2023,11/4/2024,12,Survival,5813,3098
Final Stand,@SnakeWorl,Ages 9+,571,1542604,487.6M+,Supported,Not Supported,11/2/2016,6/11/2024,26,RPG,536K+,60K+
Find Floppas!üò∫,Find Floppas,All Ages,2348,237376,4.5M+,Supported,Supported,9/29/2024,11/4/2024,12,N/A,5036,170
Find Portals! üåÄ,Crazay Studios,All Ages,401,355227,2.0M+,Not Supported,Supported,9/29/2024,11/4/2024,12,N/A,331,282
Find Switches! üîç,PlayWave Studios,All Ages,321,407606,2.7M+,Not Supported,Supported,9/28/2024,11/2/2024,50,N/A,1110,394
Find The Football Clubs (130),TRB Games,All Ages,187,488983,7.2M+,Not Supported,Not Supported,6/30/2024,10/29/2024,25,Adventure,21K+,836
Find The Markers (237),markers epic memers,All Ages,2324,1248351,803.3M+,Supported,Not Supported,11/4/2021,11/1/2024,30,Adventure,377K+,83K+
Find The Simpsons [263],Tem Production,All Ages,667,177740,112.4M+,Supported,Not Supported,8/27/2022,6/7/2024,30,Adventure,66K+,4978
Five Nights At Freddy's Doom,@CaioOpaleiroBR,Ages 13+,654,486229,145.9M+,Supported,Not Supported,1/17/2022,11/1/2024,100,Survival,119K+,12K+
Five Nights TD [SEASON],Hyper TD,All Ages,25086,241140,411.5M+,Not Supported,Supported,1/3/2024,11/3/2024,20,Strategy,214K+,16K+
Five Nights TD Modded 2[üçÄ SEASON‚è≥],Modded FNAF Developments!,All Ages,924,2398,3.2M+,Not Supported,Supported,10/20/2024,11/4/2024,50,N/A,2087,197
Flag Wars! [üéÉ EVENT],Scriptly Studios‚Ñ¢,Ages 9+,1852,3200172,587.1M+,Supported,Not Supported,5/25/2019,11/4/2024,14,Action,413K+,51K+
Flee the Facility,A.W. Apps,Ages 9+,11955,8927027,4.6B+,Supported,Not Supported,7/1/2017,10/25/2024,5,Survival,2M+,201K+
Flicker üí°,JJ Studios,Ages 13+,1005,2145395,755.4M+,Supported,Not Supported,1/12/2018,8/12/2024,40,Survival,561K+,50K+
Fling Things and People,@Horomori,Ages 9+,22979,1643961,1.1B+,Supported,Not Supported,6/16/2021,9/24/2024,25,Simulation,522K+,153K+
Football,@gopiye12347,All Ages,0,31,47.3K+,Not Supported,Not Supported,2/27/2024,3/25/2024,50,N/A,12,23
Football Fusion 2,XSTNS GAMES,All Ages,17232,823565,1.3B+,Supported,Not Supported,12/9/2021,11/1/2024,14,Sports &amp; Racing,569K+,114K+
Football Legacy [X2 XP‚ö°],Gaucho Games,All Ages,120,8150,4.8M+,Not Supported,Not Supported,11/24/2023,9/30/2024,30,Sports &amp; Racing,3522,736
Football Stars 2,Sungaze,All Ages,35,23969,13.7M+,Not Supported,Not Supported,12/6/2021,10/24/2024,40,Sports &amp; Racing,12K+,1825
FORTLINE,Battle Royal–µ,Ages 9+,2281,4103305,57.3M+,Not Supported,Not Supported,8/4/2023,10/9/2024,10,Shooter,9591,2894
FREE ADMIN LAND,Banana Studios Something,Ages 9+,724,3191134,40.8M+,Not Supported,Not Supported,2/12/2023,10/26/2024,11,N/A,9504,6594
Free Draw,Free Draw! Community,All Ages,2393,1055703,280.4M+,Supported,Not Supported,3/25/2018,9/12/2024,16,Party &amp; Casual,307K+,68K+
Frogge,Sleep Paralysis Demons,Ages 9+,643,970528,390.6M+,Not Supported,Not Supported,4/2/2020,12/24/2023,13,Survival,135K+,20K+
FRONTLINES,MAXIMILLIAN,Ages 13+,735,1394081,146.7M+,Supported,Not Supported,11/10/2020,10/9/2024,14,Shooter,395K+,57K+
Furry Infection game [Furinfection],Kiwi Games.,Ages 9+,1094,132016,154.3M+,Not Supported,Not Supported,8/22/2022,10/26/2024,20,Survival,20K+,9866
GAME GAME GAME GAME GAME GAME GAME GAME GAME GAME |@all_thatr3main2|All Ages|0|2|61|Not Supported|Not Supported|12/16/2023|10/22/2024|50|N/A|2|1||11/05/2024 21:56:23,,,,,,,,,,,,,
GAME GAME GAME GAME GAME GAME GAME GAME GAME GAME |@With_Zack|All Ages|0|16|4159|Not Supported|Not Supported|2/10/2019|2/10/2019|10|N/A|3|1||11/05/2024 21:56:41,,,,,,,,,,,,,
GAME GAME GAME GAME GAME GAME GAME GAME GAME GAME |@With_Zack|All Ages|0|17|13.7K+|Not Supported|Not Supported|2/10/2019|2/10/2019|10|N/A|3|6||11/05/2024 21:56:34,,,,,,,,,,,,,
GAME GAME GAME GAME GAME GAME GAME GAME GAME GAME |@With_Zack|All Ages|0|20|7915|Not Supported|Not Supported|2/9/2019|2/9/2019|10|N/A|3|6||11/05/2024 21:56:43,,,,,,,,,,,,,
GAME GAME GAME GAME GAME GAME GAME GAME GAME GAME|Teleportation!!!|All Ages|0|139|24.0K+|Not Supported|Not Supported|11/20/2017|11/20/2017|10|N/A|8|29||11/05/2024 21:56:37,,,,,,,,,,,,,
game game game game|@will_smithboy|All Ages|0|0|97|Not Supported|Not Supported|10/23/2023|10/23/2023|50|N/A|0|2||11/05/2024 21:55:48,,,,,,,,,,,,,
Garden Defense!üßü‚Äç‚ôÇÔ∏è,TD Creation,All Ages,3550,398533,19.9M+,Supported,Supported,9/4/2024,11/3/2024,22,N/A,10K+,3116
GARENA FREE FIRE MAXüèÜ,DREAM BigGames!!,Ages 9+,750,854892,13.5M+,Not Supported,Not Supported,2/26/2023,10/25/2024,15,Shooter,4039,641
Garten of Banban,Jule Games x Euphoric Bros,All Ages,1021,318028,253.2M+,Supported,Supported,2/6/2023,10/22/2024,35,Adventure,139K+,21K+
GEF,mPhase,Ages 13+,1953,3443379,94.9M+,Supported,Supported,10/22/2023,11/3/2024,10,Survival,91K+,19K+
Generic Cooking Game [BETA][UPD2.16] ,Hexbit Studios,All Ages,724,454460,55.8M+,Not Supported,Not Supported,4/14/2023,11/1/2024,6,Simulation,77K+,7567
Generic Cooking Game [Legacy],Hexbit Studios,All Ages,0,317,61.2K+,Not Supported,Not Supported,6/8/2024,6/8/2024,6,N/A,69,23
Get Fat And Roll Race,pug x axel,All Ages,983,84207,46.2M+,Not Supported,Not Supported,8/19/2023,10/12/2024,8,Simulation,54K+,6170
Getting Over it[Remastered]üî®,@yaseenrahmanking,All Ages,241,93021,47.6M+,Supported,Not Supported,2/11/2023,8/11/2024,20,Obby &amp; Platformer,40K+,77K+
Glow Up Tycoon üåü,Monthly Productions,All Ages,723,8973,1.6M+,Supported,Supported,7/23/2024,11/1/2024,6,N/A,13K+,1081
Go Flying!,How far can you...,All Ages,665,44265,36.3M+,Not Supported,Not Supported,8/4/2023,10/17/2024,25,Simulation,70K+,1929
Good Girls Sorority,@fentyduh,All Ages,1178,1577164,643.7M+,Supported,Not Supported,5/26/2016,9/26/2021,20,Roleplay &amp; Avatar Sim,203K+,51K+
Goofy Gods ‚ö°Ô∏è,Absolute Zero!,Ages 9+,1181,113352,68.2M+,Supported,Not Supported,5/10/2023,10/10/2024,14,Survival,42K+,8262
Grab! [2 Player Obby],Metavoxel Studios,All Ages,949,122486,5.4M+,Supported,Not Supported,8/14/2024,11/4/2024,26,N/A,1624,574
Grandma [HORROR],Astra's Army,All Ages,142,207981,32.3M+,Supported,Not Supported,4/16/2023,10/6/2024,10,Survival,26K+,15K+
Gravity [2 Player Obby],Badass Experiences,All Ages,346,3294081,86.8M+,Supported,Not Supported,6/11/2023,9/26/2024,24,Obby &amp; Platformer,110K+,8388
GREAT SCHOOL BREAKOUT,Wilson Iq Obby,All Ages,0,4,6959,Supported,Supported,8/26/2024,8/26/2024,50,N/A,0,1
GREAT SCHOOL BREAKOUT! (First Person Obby),@PlatinumFalls,All Ages,1513,349951,674.6M+,Supported,Not Supported,3/14/2022,8/20/2023,10,Obby &amp; Platformer,80K+,78K+
GRUMPY GRAN! (SCARY OBBY),@PlatinumFalls,All Ages,1697,267032,469.8M+,Not Supported,Not Supported,4/15/2022,9/18/2023,10,Obby &amp; Platformer,63K+,34K+
Guerra de Torres,@elgaga,Ages 9+,959,415376,285.3M+,Supported,Not Supported,11/10/2018,10/11/2024,8,Action,105K+,35K+
Guess Basketball Players or Die,TravelStudio,All Ages,4,27,44.2K+,Not Supported,Supported,9/27/2024,10/31/2024,8,N/A,15,8
Guess Football Players,TravelStudio,All Ages,498,2826,4.9M+,Not Supported,Not Supported,7/17/2024,10/31/2024,8,N/A,647,535
Guess the basketball player!,dog______group,All Ages,0,12,9440,Not Supported,Not Supported,7/10/2024,7/28/2024,50,N/A,12,15
Guess the drawing!,@GFSFF,All Ages,2132,700848,250.1M+,Supported,Supported,6/9/2019,9/14/2024,10,Party &amp; Casual,111K+,24K+
Guess the Logo Quiz for Admin,Rabbit02,All Ages,527,9943252,71.2M+,Supported,Supported,12/21/2023,10/18/2024,40,Party &amp; Casual,18K+,4469
Guess The Logo Quiz|ManiaGames|All Ages|841|1447900|11.2M+|Supported|Supported|4/27/2024|11/5/2024|30|Party &amp; Casual|2349|968||11/05/2024 21:56:39,,,,,,,,,,,,,
Gunfight Arena  HALLOWEEN,Gunfight Studio,Ages 9+,6449,1124087,523.6M+,Not Supported,Not Supported,8/21/2023,10/29/2024,20,Shooter,442K+,58K+
Gunfight Arena HALLOWEEN,Gunfight Studio,Ages 9+,6773,1124078,523.6M+,Not Supported,Not Supported,8/21/2023,10/29/2024,20,Shooter,442K+,58K+
Guts &amp; Blackpowder,Guts &amp; Blackpowder,Ages 13+,3967,585567,162.9M+,Supported,Not Supported,1/31/2023,11/3/2024,20,Shooter,231K+,14K+
Gym League üéÉ,1v2 Studios,All Ages,10861,3783994,383.1M+,Supported,Supported,5/11/2024,11/4/2024,8,Simulation,972K+,25K+
Gym Star Simulator[NEW PIRATE TRAINERüè¥‚Äç‚ò†Ô∏èüí™],Gym Simulator Club,All Ages,5671,200720,54.3M+,Supported,Supported,8/20/2024,11/3/2024,12,Simulation,54K+,3493
H2O Mermaid Testing,@ThatPreston,Ages 9+,950,414307,480.1M+,Not Supported,Not Supported,10/22/2020,5/13/2023,20,Roleplay &amp; Avatar Sim,49K+,15K+
Halloween [ Part 1 ]   Friday Night Partying,Party-Central,Ages 9+,2018,135087,52.6M+,Supported,Not Supported,1/9/2023,11/4/2024,16,Action,50K+,5851
Halloween Obby!,Epicbox Games,All Ages,983,2863613,16.3M+,Not Supported,Supported,7/30/2024,11/2/2024,15,Obby &amp; Platformer,2270,1126
Happy Land üè°RP,MakeHappy,All Ages,1237,236257,528.8M+,Supported,Not Supported,4/23/2021,6/26/2024,18,Roleplay &amp; Avatar Sim,37K+,20K+
HAZE PIECE,[HS] Haze Studios,Ages 9+,840,1649408,208.6M+,Not Supported,Not Supported,6/7/2021,10/27/2024,12,RPG,695K+,28K+
HCBB 9v9 2.0,HCBB League,All Ages,1279,66821,34.0M+,Not Supported,Not Supported,10/25/2021,10/27/2024,18,Sports &amp; Racing,24K+,5578
Heads Up,A Blox Magic Studio,All Ages,766,139249,43.7M+,Supported,Not Supported,7/4/2023,9/17/2024,16,Party &amp; Casual,19K+,9223
Hello Neighbor [2 Acts][Xbox support],@pantrill,Ages 9+,808,117025,150.0M+,Not Supported,Not Supported,5/7/2022,7/29/2024,6,Survival,26K+,7483
Hero Brawl,Hero Brawl,Ages 9+,835,105397,254.2M+,Not Supported,Not Supported,8/17/2022,8/20/2024,20,Action,20K+,6524
Hide and Seek Extreme,@Tim7775,All Ages,6784,6449320,2.9B+,Not Supported,Not Supported,1/18/2015,10/11/2024,14,Party &amp; Casual,882K+,86K+
Hole in One! [2 Player Obby],Strike Your Friend!,All Ages,490,32481,11.2M+,Supported,Supported,8/28/2024,10/15/2024,10,Obby &amp; Platformer,15K+,1142
Hole in the Wall,@EricThePianoGuy,All Ages,716,2295235,512.8M+,Supported,Supported,6/19/2009,10/17/2024,12,Party &amp; Casual,433K+,139K+
Home Run Simulator,House of Highlights,All Ages,1506,19617,15.3M+,Not Supported,Not Supported,11/14/2022,10/6/2024,8,Sports &amp; Racing,6029,2900
Hoop Central 6 Basketball üèÄ Alpha,Hoop Central Remake,All Ages,44,131188,63.8M+,Supported,Not Supported,7/11/2021,10/15/2024,1,Sports &amp; Racing,48K+,17K+
Hoopz [CLANS] (Basketball),@cyberprism,All Ages,218,226427,175.6M+,Supported,Not Supported,1/12/2021,11/4/2024,35,Sports &amp; Racing,102K+,69K+
Hop On [2 Player Obby],Superbullet Studio,All Ages,283,2152613,42.3M+,Supported,Supported,9/8/2023,10/27/2024,22,Obby &amp; Platformer,18K+,5037
HoRrOr,@SoNnEe_YtE,All Ages,0,5,2348,Not Supported,Not Supported,1/11/2021,1/11/2021,50,N/A,3,5
HORROR HORROR,@ug6QexZ,All Ages,0,17,83.7K+,Not Supported,Not Supported,9/20/2019,9/20/2019,10,N/A,6,9
Horror Hospital,Astra's Army,All Ages,132,165535,36.0M+,Not Supported,Not Supported,7/28/2021,8/6/2024,10,Adventure,13K+,17K+
Horror Tycoon,The Tycoon Games,Ages 9+,307,435144,108.7M+,Not Supported,Not Supported,6/16/2020,8/14/2024,10,Simulation,24K+,7212
Horse Valley [DYNAMIC BREEDING],Ming Horse Valley,All Ages,821,797843,382.6M+,Not Supported,Not Supported,2/8/2019,11/2/2024,16,Roleplay &amp; Avatar Sim,214K+,34K+
Hospital Tycoon üò∑,Tycoon Empire Studios,Ages 9+,512,2199875,330.2M+,Supported,Supported,7/5/2021,9/18/2024,6,Simulation,557K+,39K+
Hot Pot Restaurant,@johnpcps,All Ages,209,105517,12.8M+,Not Supported,Not Supported,5/23/2023,6/12/2024,30,Roleplay &amp; Avatar Sim,12K+,1583
HOURGLASS üéÉ,CoolStuff Inc.,Ages 9+,46,41226,2.4M+,Not Supported,Not Supported,6/9/2024,11/4/2024,1,N/A,11K+,7396
House Tycoon 2,Haza Games,All Ages,596,103575,37.6M+,Not Supported,Not Supported,7/15/2022,11/2/2024,40,Simulation,25K+,4485
Hungry Pig ,@SoundTrackZack,Ages 9+,1784,54663,58.9M+,Supported,Supported,6/24/2024,11/1/2024,12,Survival,15K+,3406
I Wanna Test The Game (Beta Test)|Project I Wanna|All Ages|1395|233378|93.6M+|Not Supported|Not Supported|11/27/2022|11/5/2024|25|Obby &amp; Platformer|119K+|197K+||11/05/2024 21:55:39,,,,,,,,,,,,,
Ice Fishing Simulator üêü,WildGuest Games,All Ages,1139,58257,14.8M+,Supported,Not Supported,8/7/2023,11/4/2024,12,Simulation,36K+,4196
Impossible Glass Bridge (Squid Game),@maxTsaints,All Ages,633,21881,53.9M+,Supported,Supported,12/15/2021,10/30/2024,20,Obby &amp; Platformer,9083,2925
Impossible Squid Game! Glass Bridge 2,Northern Lights LTD,All Ages,1660,58011,56.5M+,Not Supported,Supported,4/3/2024,10/25/2024,35,Obby &amp; Platformer,42K+,4037
Impossible Troll  Bridge (Squid Game),Glass Bridge Group :),All Ages,727,316584,2.8M+,Not Supported,Not Supported,9/2/2024,11/2/2024,45,Obby &amp; Platformer,1348,232
Impostor,Vantablack Studios,Ages 9+,1541,357713,140.7M+,Not Supported,Not Supported,9/24/2020,6/22/2024,12,Survival,51K+,15K+
Industrialist [HEAVY INDUSTRY],@mamytema,All Ages,1118,88772,7.9M+,Supported,Not Supported,3/26/2022,10/31/2024,20,Simulation,25K+,1752
Infinity Football,Infinity Football,All Ages,232,12490,17.9M+,Not Supported,Not Supported,9/30/2023,10/20/2024,14,Sports &amp; Racing,5543,1337
Insane Elevator Testing,Digital Destruction,Ages 9+,1120,57220,154.4M+,Supported,Not Supported,3/17/2022,10/5/2024,35,Party &amp; Casual,13K+,7819
Insane Elevator!,Digital Destruction,Ages 9+,2861,1284964,1.1B+,Not Supported,Not Supported,10/12/2019,5/19/2023,24,Survival,205K+,34K+
Insomnia (Horror),ZeRoCIient,All Ages,229,314467,16.8M+,Supported,Not Supported,5/6/2024,10/1/2024,20,Adventure,26K+,6539
Island of Move,Roblox Build It,All Ages,35,413293,70.0M+,Not Supported,Not Supported,7/8/2020,3/18/2022,20,Simulation,49K+,7700
Isles of Ravos üê≤ RP,Isles of Ravos,All Ages,2260,33751,3.8M+,Supported,Not Supported,9/26/2024,11/4/2024,30,N/A,9014,574
Jailbreak üçÅ,Badimo,All Ages,13876,18274552,7.1B+,Supported,Supported,1/7/2017,10/23/2024,28,Action,5M+,770K+
JOLLIBEE BARRY'S PRISON RUN! (OBBY),@BOATFLY2,All Ages,31,174479,1.4M+,Supported,Supported,4/2/2024,8/29/2024,14,N/A,83,49
Jujutsu Shenanigans,@AlsoNot_Tze,Ages 13+,60824,964482,1.0B+,Supported,Not Supported,4/17/2022,11/3/2024,20,Action,769K+,136K+
Jurassic Blocky,Jurassic Blocky,All Ages,486,50295,13.2M+,Not Supported,Not Supported,11/25/2022,10/27/2024,15,Roleplay &amp; Avatar Sim,23K+,4057
Just a Rope Bridge,@tallywally,Ages 9+,748,200819,188.3M+,Not Supported,Not Supported,3/24/2021,6/30/2024,10,Action,35K+,24K+
Just Build!,Awesome Fun Games,All Ages,1061,334446,5.1M+,Supported,Supported,10/1/2024,10/30/2024,8,N/A,6463,463
just daytona. (9 NEW CARS),@vouthin,All Ages,752,113015,47.3M+,Supported,Not Supported,2/19/2022,10/11/2024,15,Simulation,32K+,5582
Karate Fight Simulator ü•ã,Pentomoon,All Ages,226,460160,17.1M+,Not Supported,Not Supported,8/17/2023,10/10/2024,8,Simulation,18K+,1437
Kart Racing Simulator,OwlVision,All Ages,340,929001,15.4M+,Supported,Supported,7/4/2024,11/4/2024,8,Simulation,173K+,3407
KAT,@Fierzaa,All Ages,685,4175688,1.4B+,Not Supported,Not Supported,1/21/2017,9/21/2024,14,Action,1M+,223K+
Kill Realistic NPCs simulator [üå™Ô∏è],Projexus,Ages 13+,214,8112,878.0K+,Supported,Supported,8/24/2024,11/3/2024,3,N/A,1694,532
Kill StreaküíÄ,High Effort Projects,Ages 9+,339,492630,13.2M+,Supported,Not Supported,4/4/2023,11/2/2024,35,Action,28K+,10K+
Kitten Game üêæ,@Bro_IsThisReal,All Ages,4578,376775,268.7M+,Not Supported,Not Supported,5/19/2023,11/4/2024,40,Roleplay &amp; Avatar Sim,123K+,11K+
Kitten Game üêæ|@Bro_IsThisReal|All Ages|5724|377375|269.4M+|Not Supported|Not Supported|5/19/2023|11/5/2024|40|Roleplay &amp; Avatar Sim|123K+|11K+||11/05/2024 21:56:16,,,,,,,,,,,,,
Kitty All Maps,GabStudio,All Ages,544,2001979,1.4B+,Supported,Not Supported,5/8/2020,9/23/2024,6,Survival,411K+,66K+
Knock the Blocks,@Ryguy903,All Ages,969,14826,12.5M+,Supported,Not Supported,7/9/2024,11/2/2024,20,Survival,4406,3800
Koha√∫ Hibachi Restaurant,Koha√∫,All Ages,306,222970,40.5M+,Not Supported,Not Supported,11/14/2019,11/4/2024,60,Roleplay &amp; Avatar Sim,66K+,17K+
Korean BBQ Restaurant! [Preparing for a remake...],Îã§ÏñëÌïú ÏùåÏãùÏ†êÎì§,All Ages,104,631397,85.3M+,Not Supported,Not Supported,2/22/2021,10/19/2024,30,Roleplay &amp; Avatar Sim,108K+,7736
KTV  [DEMO],@CocoFocalors,All Ages,0,0,183,Supported,Supported,6/23/2024,7/23/2024,50,N/A,5,0
Last To Leave,Boomerang Studios,All Ages,980,469142,503.5M+,Supported,Not Supported,12/21/2021,10/15/2024,60,Party &amp; Casual,154K+,62K+
Last To Leave|Boomerang Studios|All Ages|1108|469292|503.8M+|Supported|Not Supported|12/21/2021|10/15/2024|60|Party &amp; Casual|154K+|62K+||11/05/2024 21:55:54,,,,,,,,,,,,,
Launch Into Space Simulator,Basket Space,All Ages,532,136799,56.8M+,Not Supported,Not Supported,12/3/2023,11/3/2024,8,Simulation,338K+,8154
Laundry Simulator,Dev House UK,All Ages,1246,1519300,433.0M+,Supported,Not Supported,1/27/2021,11/3/2024,8,Simulation,445K+,58K+
LAVA Game üî•|Big Banana Games!|All Ages|476|2913697|44.6M+|Not Supported|Supported|2/4/2024|11/5/2024|30|Survival|14K+|3753||11/05/2024 21:56:01,,,,,,,,,,,,,
Legends Arena,Play Fusion Faceoff,Ages 9+,733,228930,44.5M+,Supported,Not Supported,1/13/2024,10/30/2024,15,Action,133K+,4771
Legends Battlegrounds,Arts of Vermillion,Ages 9+,6927,143714,62.8M+,Supported,Not Supported,11/5/2023,11/4/2024,15,Action,87K+,20K+
Legends Of Speed ‚ö°,Scriptbloxian Studios,All Ages,2300,3628108,1.7B+,Not Supported,Not Supported,4/22/2019,3/16/2024,15,Simulation,1M+,96K+
LewisLife üè° RP [Free UGC],ARKverse,All Ages,1672,3003978,218.8M+,Supported,Not Supported,2/20/2022,11/2/2024,30,Roleplay &amp; Avatar Sim,33K+,8204
LifeCraftüå≥üåø (Like Minecraft)|Minerap Studios|All Ages|98|106385|994.8K+|Supported|Supported|6/6/2024|7/9/2024|19|N/A|440|152||11/05/2024 21:56:21,,,,,,,,,,,,,
LifeTogether üè† RP (UPDATE 33),Cinnamon Software,All Ages,41972,3383093,1.1B+,Not Supported,Not Supported,7/6/2023,11/3/2024,28,Roleplay &amp; Avatar Sim,410K+,32K+
Like or Pass,Crazy Real Games,All Ages,10473,51068,38.5M+,Supported,Supported,9/14/2024,11/4/2024,28,Party &amp; Casual,31K+,9874
Livetopia üéÉ Halloween,Century Makers,All Ages,8663,28344345,4.7B+,Not Supported,Not Supported,4/28/2021,11/1/2024,17,Roleplay &amp; Avatar Sim,1M+,137K+
LOCOfficial!,Rawblocky,All Ages,2480,833473,205.0M+,Supported,Not Supported,1/18/2022,10/25/2024,50,Strategy,211K+,29K+
Logo Block Race,Rhydac Fans,All Ages,956,9569460,68.5M+,Supported,Supported,3/10/2024,11/4/2024,12,Sports &amp; Racing,16K+,2870
Logo Race!,Guessing Games Fan Club,All Ages,776,2483041,33.2M+,Not Supported,Supported,4/18/2024,10/6/2024,40,Party & Casual,172K+,6087
Lucky Avatars! [Outfits Catalog] ,@silky_dev,All Ages,660,2186320,41.3M+,Supported,Supported,10/2/2023,10/27/2024,20,Shopping,4194,1256
Luigi's Cafe &amp; Restaurant,Ultraw Games,All Ages,52,208471,56.2M+,Not Supported,Not Supported,3/29/2020,10/14/2023,35,Roleplay &amp; Avatar Sim,48K+,7595
Mad City: Chapter 1,Schwifty Studios,Ages 13+,1412,13296,4.3M+,Not Supported,Supported,9/27/2024,10/1/2024,28,N/A,8219,657
Mad City: Chapter 2,Schwifty Studios,Ages 9+,585,5841728,2.5B+,Supported,Not Supported,12/3/2017,10/1/2024,32,Action,1M+,363K+
Madi's Wardrobe,@sinhaleseunit,Ages 9+,563,21302,2.6M+,Not Supported,Not Supported,7/6/2024,10/27/2024,1,N/A,8267,1772
MAKE EVERYONE BALD TYCOON [HARDCORE üò§],Badass Experiences,All Ages,1473,70910,12.9M+,Supported,Not Supported,8/21/2024,10/17/2024,10,Simulation,123K+,3803
Mall Tycoon,Grandma's Favourite Games,All Ages,500,1228117,398.1M+,Not Supported,Not Supported,9/26/2020,2/12/2024,6,Simulation,389K+,28K+
Maple County  FALL UPDATE,Central Roleplay | Community,Ages 13+,296,85958,5.1M+,Supported,Not Supported,1/1/2022,11/4/2024,40,Roleplay &amp; Avatar Sim,19K+,1694
Marvel and DC Super Heroes,@hhjhhjhh10,Ages 9+,1592,618895,695.0M+,Supported,Not Supported,12/25/2020,10/14/2024,60,Action,153K+,76K+
Math Answer or Die,BlueFishStudio,All Ages,1093,130526,240.8M+,Not Supported,Not Supported,2/6/2023,4/14/2024,8,Party &amp; Casual,47K+,12K+
Math Boxing üçé,club XOX,All Ages,91,15089,15.6M+,Not Supported,Not Supported,6/28/2023,1/3/2024,22,Party &amp; Casual,7656,3843
Math Tower Race,Team Ry LLC,All Ages,3549,44917,55.2M+,Supported,Not Supported,5/22/2024,11/3/2024,8,Party &amp; Casual,24K+,2912
McDonald's Restaurant üôÇüçîüçü,@jackmatthew08,All Ages,0,5,1024,Not Supported,Not Supported,7/19/2024,7/19/2024,200,N/A,1,1
Meme Race üòÇ ,Box7! Studios,All Ages,620,226649,6.8M+,Not Supported,Not Supported,8/3/2024,11/2/2024,24,Simulation,14K+,690
Mental [HORROR],RootPart Studios,All Ages,466,2116393,22.5M+,Supported,Not Supported,4/4/2024,10/26/2024,15,Survival,63K+,12K+
Merge Toy,Merge Empire,Ages 9+,2196,12915,4.0M+,Not Supported,Not Supported,8/29/2024,11/1/2024,9,Simulation,9561,2040
Metro Life üéÉ City RP,Century Creators,All Ages,20888,24593680,1.0B+,Supported,Supported,4/3/2023,11/1/2024,23,Roleplay &amp; Avatar Sim,177K+,26K+
MIC UP üîä,Wild Roleplay,All Ages,6974,644823,481.8M+,Supported,Supported,5/30/2021,11/3/2024,50,Social,308K+,59K+
Midnight Burger [HORROR],Elevated Horror,All Ages,767,462204,27.5M+,Supported,Supported,6/11/2024,10/31/2024,25,Adventure,54K+,8716
Midnight Motel [HORROR],the m devs,All Ages,495,125416,24.4M+,Supported,Supported,5/20/2024,10/7/2024,44,Survival,71K+,7285
Midnight Station [HORROR],Elevated Horror,All Ages,656,646939,49.6M+,Supported,Supported,6/4/2024,10/22/2024,25,Adventure,71K+,7878
Minecraft|lamp.|All Ages|615|812|769.8K+|Not Supported|Not Supported|10/19/2024|11/4/2024|20|N/A|139|75||11/05/2024 21:55:56,,,,,,,,,,,,,
MMV,@puppy79ka,All Ages,47,215465,3.7M+,Supported,Supported,10/30/2024,11/3/2024,12,N/A,3488,312
Money Clicker Inc,AA Simulators,All Ages,959,10874,2.6M+,Not Supported,Supported,7/9/2024,11/1/2024,16,Simulation,4901,905
Money Simulator Z,AA Simulators,All Ages,2206,36578,8.2M+,Not Supported,Not Supported,7/16/2023,11/2/2024,12,Simulation,26K+,1699
Monster [HORROR],Astra's Army,All Ages,144,43176,2.7M+,Supported,Supported,7/18/2024,10/11/2024,15,Adventure,9339,2246
Monster Slayer,Starverse Games,All Ages,1198,4127,2.8M+,Supported,Not Supported,1/27/2024,11/4/2024,8,N/A,2105,380
Mo's Academy,@SamsonXVI,All Ages,366,139101,134.2M+,Supported,Not Supported,2/25/2022,12/6/2023,50,Adventure,25K+,10K+
MPS 4-a-side,MPS Studi–æs,All Ages,106,270498,30.2M+,Supported,Not Supported,5/14/2023,10/14/2024,8,Sports &amp; Racing,13K+,2913
Multicrew Tank Combat 4,Grand Hawk Studios,Ages 9+,1008,187781,47.9M+,Supported,Supported,5/2/2022,11/2/2024,48,Action,69K+,13K+
Murder Drones: Reassembled  [RP] BETA ,Silvereye Studios,All Ages,584,72766,12.9M+,Not Supported,Not Supported,5/6/2023,11/4/2024,25,Roleplay &amp; Avatar Sim,21K+,1193
Murder Mystery 2,@Nikilis,Ages 13+,130521,19344438,18.4B+,Supported,Supported,1/18/2014,10/21/2024,12,Survival,8M+,790K+
MURDER MYSTERY! Emergency Response: Liberty County,Police Roleplay Community,Ages 9+,9953,2490127,1.0B+,Supported,Supported,11/1/2018,11/3/2024,40,Roleplay &amp; Avatar Sim,961K+,93K+
Murder Party,PlayMake,All Ages,580,1050056,693.8M+,Not Supported,Not Supported,8/25/2020,5/11/2023,12,Survival,257K+,71K+
Murderers vs Sheriffs 2,Murderers vs Sheriffs 2,Ages 9+,2291,50918,73.3M+,Supported,Supported,5/13/2023,11/2/2024,16,Shooter,18K+,6419
Murderers VS Sheriffs Duels,Red21 Games,All Ages,14421,680409,1.0B+,Supported,Not Supported,2/2/2023,10/28/2024,41,Action,304K+,57K+
Music Hall Baseplate talk,@peIotinoxdxdxdxdxd,All Ages,59,363,177.3K+,Supported,Not Supported,5/27/2022,11/2/2024,50,N/A,108,51
My Little Pony Tycoon,SouperCat Games,Ages 9+,1442,71687,12.7M+,Supported,Not Supported,8/27/2024,11/1/2024,8,Simulation,11K+,1097
My Perfect School,ObbyCode,All Ages,902,7830,14.0M+,Supported,Supported,7/30/2024,8/25/2024,6,Simulation,1329,2342
My Pet Rock,Googly Games!,All Ages,630,22079,6.0M+,Not Supported,Supported,10/4/2024,11/2/2024,20,N/A,5752,2810
My Prison,Windburst,All Ages,624,460429,119.9M+,Supported,Supported,7/5/2022,11/3/2024,6,Simulation,159K+,25K+
My Restaurant Z! üë®‚Äçüç≥,@CoderJoeyLol,All Ages,9,1096,581.4K+,Not Supported,Not Supported,1/10/2024,1/10/2024,50,N/A,351,163
My Restaurant! üë®‚Äçüç≥,BIG Games‚Ñ¢,All Ages,1636,2643909,825.0M+,Supported,Not Supported,12/6/2019,10/23/2024,10,Simulation,1M+,96K+
My Toilet üöΩ,A Lot of Effort Studios.,All Ages,3962,424942,6.0M+,Supported,Supported,6/29/2024,11/3/2024,6,N/A,20K+,1830
Name or Die,Ming's Pick,All Ages,663,57147,52.2M+,Supported,Not Supported,11/15/2023,9/21/2024,16,Party &amp; Casual,16K+,5080
NanndoHaven Brookhaven RP DO NOT PLAY VERY SCARY,@ImNewTrop,All Ages,28,1700,2.8M+,Not Supported,Supported,12/25/2023,11/1/2024,15,N/A,287,1553
Natural Disaster Survival,@Stickmasterluke,All Ages,11380,10624391,3.1B+,Supported,Supported,3/29/2008,10/12/2024,30,Survival,3M+,382K+
Naval Warfare,@l_11I,Ages 9+,1163,1134204,448.5M+,Supported,Not Supported,8/13/2018,10/31/2024,60,Shooter,327K+,40K+
NBA Playgrounds: Basketball Hoops Arcade,Saber Interactive,All Ages,15,5204,3.6M+,Supported,Not Supported,8/23/2023,4/6/2024,30,Sports &amp; Racing,866,466
NEWüåü Horse Life üêé,Sonar Studios,All Ages,5498,1308894,113.1M+,Not Supported,Not Supported,12/21/2023,11/2/2024,45,Roleplay &amp; Avatar Sim,297K+,9014
NewSmithüè†RP Update 13!,ARKverse office,All Ages,3715,428720,43.0M+,Not Supported,Not Supported,3/4/2024,11/3/2024,25,Roleplay &amp; Avatar Sim,32K+,2714
nico's nextbots ,nico's stu,Ages 9+,897,2015369,538.8M+,Supported,Not Supported,7/5/2022,11/4/2024,35,Survival,680K+,58K+
Nitro Car üéÉ,@TypStef,All Ages,1292,3115257,53.4M+,Supported,Supported,5/23/2024,11/4/2024,10,Simulation,14K+,1971
Noob Army Tycoon,Thinking Project,Ages 9+,774,1161365,329.1M+,Supported,Supported,4/4/2021,10/29/2024,6,Simulation,485K+,43K+
Noobs in Combat v5.6,Scuffed projects,All Ages,407,207193,156.2M+,Not Supported,Not Supported,9/25/2020,10/13/2024,150,Strategy,77K+,10K+
ÿ¥ÿßŸÑŸäŸá Ÿáÿßÿ™ ŸàŸáÿßÿ™,@karzmh_15,All Ages,1,2,10.0K+,Not Supported,Supported,9/29/2024,9/30/2024,13,N/A,3,10
Obby but you are spiderman,Cool Little Games,All Ages,1036,1889,1.7M+,Not Supported,Supported,9/30/2024,11/3/2024,12,N/A,296,829
Obby But You Can't Jump,Super Obbys :3,All Ages,565,15587857,310.9M+,Supported,Not Supported,5/3/2023,10/8/2024,25,Obby &amp; Platformer,117K+,25K+
Obby Creator,Whirlpool Studio,All Ages,2107,906604,433.5M+,Supported,Not Supported,3/2/2019,10/27/2024,20,Simulation,250K+,64K+
Off-Roading EpicüéÉ,Off-Roading Epic Community,All Ages,1547,2690976,123.0M+,Supported,Not Supported,2/9/2021,10/31/2024,15,Simulation,89K+,9574
Ohio. üéÉ,DevvGames,Ages 9+,1220,366989,205.5M+,Supported,Supported,8/12/2021,11/4/2024,40,Action,370K+,42K+
Order Up!,@TXYW1,All Ages,24,25343,2.0M+,Not Supported,Not Supported,12/25/2023,10/16/2024,40,Simulation,3041,523
PANIK,Panik.,Ages 9+,510,521735,252.0M+,Supported,Not Supported,1/11/2022,10/9/2024,40,Survival,122K+,22K+
Paradise üè† RP,Cazeby,All Ages,2903,8678606,299.2M+,Supported,Supported,5/13/2023,10/30/2024,20,Roleplay &amp; Avatar Sim,117K+,12K+
Paresan Ni Diwata [Hangout Game],Pepino Studio,All Ages,38,12318,7.3M+,Supported,Supported,4/7/2024,11/3/2024,50,Social,4591,682
Parkour Civilization [OBBY],Parkour Civilization,All Ages,411,131262,2.0M+,Not Supported,Supported,10/5/2024,11/4/2024,35,N/A,2242,5988
Parkour Run!,GamesReborn Fun,All Ages,624,568490,426.4M+,Not Supported,Not Supported,5/14/2021,9/12/2024,20,Obby &amp; Platformer,102K+,29K+
People Gumball Machine (NEW),SoundTrackZack,All Ages,324,114,436.1K+,Not Supported,Supported,6/21/2024,10/16/2024,20,N/A,29,20
Peroxide,[Peroxide],Ages 13+,3297,587511,294.0M+,Supported,Not Supported,3/14/2022,11/4/2024,20,RPG,358K+,35K+
PET PARTY üéâ,club XOX,All Ages,1790,193888,410.6M+,Not Supported,Not Supported,11/8/2022,10/30/2024,21,Roleplay &amp; Avatar Sim,73K+,27K+
Pet Simulator 99! üåç,BIG Games Pets,All Ages,58946,1494509,1.5B+,Supported,Not Supported,2/5/2022,11/4/2024,10,Simulation,2M+,107K+
Pet Simulator 99! Modded üåé,99 Modded,All Ages,12,142,40.1K+,Not Supported,Supported,10/11/2024,11/3/2024,12,N/A,61,39
Pet Simulator X! üêæ,BIG Games Pets,All Ages,3010,5999311,8.8B+,Supported,Not Supported,1/23/2021,10/16/2024,12,Simulation,4M+,388K+
PETS GO! ‚ú®,BIG Games Pets,All Ages,159884,222452,213.7M+,Supported,Not Supported,8/11/2024,11/4/2024,8,N/A,313K+,24K+
Phenom,@Strafing,All Ages,70,159824,101.1M+,Supported,Not Supported,1/22/2017,7/18/2024,8,Sports &amp; Racing,39K+,12K+
PHIGHTING! [ALPHA],boggio,Ages 9+,643,256205,28.7M+,Not Supported,Not Supported,7/23/2021,11/2/2024,12,Action,95K+,6257
Pick a Slide [Backrooms],@Chukles82,Ages 9+,488,3650694,117.8M+,Not Supported,Not Supported,10/18/2022,6/17/2024,20,Party &amp; Casual,18K+,14K+
Pick A Song,Better Song,All Ages,1591,16722,8.1M+,Supported,Not Supported,8/26/2024,10/5/2024,16,Action,6425,913
Pilfering Pirates,@Pseudosuper,Ages 9+,3983,1225418,879.1M+,Supported,Not Supported,12/19/2020,11/3/2024,20,Action,240K+,45K+
Pilot Training Flight Simulator,@Orange12345,All Ages,2245,1468847,459.9M+,Supported,Not Supported,1/4/2010,10/23/2024,20,Simulation,604K+,48K+
Pinoy RP HangOut,Pinoy RP HangOut,All Ages,116,42357,22.4M+,Supported,Supported,3/24/2022,11/2/2024,50,Roleplay &amp; Avatar Sim,11K+,1725
Pixel Tower Defense,Red Spyder,All Ages,1241,185239,22.0M+,Supported,Supported,1/11/2024,11/3/2024,24,Strategy,73K+,2623
PLS DONATE BUT INFINITE üí∏,FE!N Studio,All Ages,709,7007251,77.2M+,Supported,Supported,10/5/2023,11/1/2024,24,Social,153K+,8426
PLS DONATE üí∏,@haz3mn,All Ages,14654,3072226,2.8B+,Supported,Supported,2/5/2022,10/29/2024,28,Social,2M+,172K+
Pok√©mon Advanced [NEW CODE ] ,@ProjectAdvanced0,All Ages,142,3781,635.5K+,Not Supported,Supported,10/8/2024,10/8/2024,17,N/A,515,297
Pokemon Brick Bronze,@BWRun16,All Ages,124,114,20.1K+,Not Supported,Supported,10/31/2024,11/3/2024,50,N/A,60,7
Pop It Trading ‚ú®,club XOX,All Ages,1268,2114988,729.4M+,Not Supported,Not Supported,8/28/2021,11/2/2024,22,Simulation,198K+,47K+
Power-Up Soccer,Maestro Mind,All Ages,561,4730,1.7M+,Supported,Supported,1/30/2024,11/3/2024,12,Sports &amp; Racing,1284,296
PRANK THE TEACHER ü§Æ,FAIR GAMES STUDIO,Ages 9+,668,1022897,10.9M+,Not Supported,Supported,6/24/2024,11/3/2024,15,N/A,10K+,1622
Pressure Wash Simulator 2,Small World Games - Tycoons!,All Ages,657,165106,57.2M+,Supported,Not Supported,11/16/2022,8/13/2024,8,Simulation,283K+,14K+
Prison Life,@Aesthetical,Ages 9+,1354,5545559,2.4B+,Not Supported,Not Supported,5/2/2014,2/8/2024,24,Roleplay &amp; Avatar Sim,1M+,224K+
Public Bathroom,Behaviour Interactive LTD.,All Ages,2025,360789,3.5M+,Supported,Supported,10/12/2024,10/12/2024,75,N/A,914,1317
Pull a Friend [2 Players] [üéÉHALLOWEEN],Pull a Friend,All Ages,1595,491397,225.7M+,Supported,Supported,3/2/2024,10/21/2024,14,Obby &amp; Platformer,48K+,22K+
Pull a Sword,xFrozen Obbys,All Ages,5789,388549,217.0M+,Not Supported,Not Supported,6/22/2023,11/3/2024,8,Simulation,983K+,25K+
Pull Up Simulator,Mega Simulator Games!,All Ages,1093,5762374,80.9M+,Not Supported,Not Supported,10/16/2023,10/31/2024,10,Simulation,476K+,10K+
Punch Wall Simulator,Punch Wall Sim,All Ages,355,226702,171.5M+,Not Supported,Not Supported,3/21/2023,10/19/2024,7,Simulation,282K+,14K+
Put A Finger Down!,Vue Interactive,All Ages,449,160184,40.5M+,Not Supported,Not Supported,1/3/2022,8/23/2024,6,Party &amp; Casual,24K+,5754
Racing With Cars,Abdimaalik122 group,All Ages,12,316,1.3M+,Supported,Supported,4/20/2023,10/26/2024,15,Simulation,76,100
Radiant Residents,@UmmmOkayWhat,Ages 9+,535,438390,89.4M+,Supported,Not Supported,7/4/2023,11/3/2024,50,Survival,94K+,9117
Rags To Richesü§ë,Keep On Rising Studios,All Ages,1073,8417,1.3M+,Supported,Supported,7/31/2024,11/2/2024,20,N/A,19K+,602
Rainbow Friends,Roy &amp; Charcle,All Ages,10097,3196502,3.7B+,Not Supported,Not Supported,11/14/2021,5/22/2024,50,Adventure,1M+,278K+
raise a floppa ,FLOPPA#1,All Ages,493,1118907,209.7M+,Supported,Not Supported,3/27/2022,8/3/2022,1,Simulation,655K+,68K+
Randomizer,TheBuliderMC's Group!,Ages 9+,993,606244,130.4M+,Supported,Not Supported,7/8/2020,11/4/2024,20,Action,216K+,46K+
Rap Battles!üé§ ,Osyriss Studios,All Ages,193,7908,3.4M+,Not Supported,Not Supported,10/3/2020,10/16/2024,15,Party &amp; Casual,2397,1153
Rate My Avatar,Names Are Not Important,All Ages,1412,461199,285.5M+,Supported,Not Supported,4/21/2021,1/28/2023,50,Social,188K+,36K+
Ray's Mod,dreamy‚Ñ¢,Ages 13+,869,842900,240.9M+,Supported,Not Supported,5/1/2020,11/1/2024,25,Simulation,250K+,33K+
Realistic Car Driving‚Ñ¢,@Ferdi26,All Ages,392,1886915,85.0M+,Supported,Supported,10/15/2020,11/1/2024,16,Simulation,199K+,22K+
Realistic Hand RP üñêüç©üòã [UPDATE],BlŒøx Universe,Ages 9+,1472,763436,399.7M+,Supported,Supported,7/19/2021,11/4/2024,30,N/A,163K+,24K+
Realistic Ragdoll Physics,@DozenGarlic,Ages 9+,1255,383035,271.6M+,Supported,Supported,1/27/2021,11/4/2024,50,Simulation,92K+,19K+
Realistic Street Soccer (3 on 3),The Builder's Legion,All Ages,7827,217396,361.2M+,Supported,Not Supported,8/5/2023,10/28/2024,8,Sports &amp; Racing,118K+,27K+
Really Easy Obby! üåà,05kz,All Ages,3004,81658,227.7M+,Not Supported,Not Supported,1/7/2022,10/30/2024,15,Obby &amp; Platformer,10K+,5482
Reborn As Swordsman,Weapon Kingdom,All Ages,4870,1399082,60.8M+,Supported,Not Supported,4/2/2024,11/4/2024,10,Simulation,173K+,5571
Red Light Green Light (FIX),slugfo,All Ages,1603,1596487,981.2M+,Supported,Not Supported,9/23/2021,10/5/2024,100,Party & Casual,376K+,99K+
Redcliff City üè°RP,Redcliff City RP,All Ages,3797,802744,835.8M+,Supported,Not Supported,12/27/2021,11/1/2024,24,Roleplay &amp; Avatar Sim,177K+,25K+
Refinery Caves 2 üéÉ,Zik's Dev Team,All Ages,433,16002,1.8M+,Supported,Not Supported,1/19/2023,11/4/2024,8,N/A,8381,2607
Regretevator [ ELEVATOR SIMULATOR ],The Axolotl Sun,All Ages,10008,615417,114.2M+,Supported,Not Supported,5/2/2020,11/3/2024,10,Party &amp; Casual,229K+,22K+
Restaurant Business,BlockTurns,All Ages,23,13400,1.7M+,Not Supported,Not Supported,4/8/2024,11/3/2024,6,Simulation,3743,1233
Restaurant Tycoon,@Ultraw,All Ages,53,2744358,399.6M+,Not Supported,Not Supported,4/27/2017,1/5/2023,5,Simulation,791K+,61K+
Restaurant Tycoon 2,@Ultraw,All Ages,5610,3929535,1.3B+,Supported,Not Supported,7/1/2019,11/2/2024,9,Simulation,1M+,92K+
Ride a Cart Simulator,OOP Studio,All Ages,932,221601,142.9M+,Supported,Not Supported,8/1/2023,10/6/2024,12,Simulation,482K+,25K+
Rise of Nations,@Hyperant,All Ages,1825,529358,232.3M+,Not Supported,Not Supported,11/15/2018,10/11/2024,100,Strategy,231K+,32K+
Ro-Ball Basketball,@GoldenCloudLining,All Ages,0,54,66.8K+,Not Supported,Not Supported,10/3/2022,7/12/2024,4,N/A,31,59
RO-BOXING ü•ä,RO-BOXING Official Group,Ages 9+,31,344902,52.6M+,Not Supported,Not Supported,1/21/2018,8/29/2024,30,Action,107K+,27K+
RODOGRAU SP ,Alb Studios OFC,All Ages,344,186081,163.9M+,Supported,Not Supported,5/13/2020,9/24/2024,15,Simulation,44K+,6941
Rogue Demon,TS Industries.,Ages 13+,1173,610834,530.9M+,Supported,Not Supported,3/15/2022,11/4/2024,30,Action,321K+,71K+
RogueBlade halloween,@CaveiraEdgy,All Ages,548,21480,2.7M+,Not Supported,Not Supported,4/16/2023,11/4/2024,16,N/A,7156,640
RUSHED OUT!,PETER Corp,All Ages,1061,65666,4.2M+,Supported,Not Supported,6/26/2024,11/3/2024,40,N/A,12K+,1245
Saber Battle Simulator,Broken Wand Studios,All Ages,127,952803,15.7M+,Not Supported,Supported,4/30/2024,7/28/2024,10,Simulation,86K+,1941
Saber Showdown,Nova Wave Games,Ages 9+,1163,396129,198.8M+,Not Supported,Not Supported,2/27/2023,10/26/2024,25,Action,329K+,28K+
Sakura Stand,Sakura Pro Max,All Ages,949,271780,255.4M+,Supported,Not Supported,1/14/2022,11/3/2024,20,Action,139K+,34K+
Salon de Fiestas,@Lweece,All Ages,2801,349067,237.9M+,Not Supported,Supported,2/7/2021,11/4/2024,80,Social,109K+,15K+
Sanity [HORROR],Revertable,Ages 13+,25,871,34.9K+,Supported,Not Supported,10/21/2022,11/4/2024,30,N/A,139,55
SAVE OR KILL|Badass Experiences|All Ages|2542|235084|122.1M+|Supported|Not Supported|10/29/2023|11/4/2024|75|Party &amp; Casual|100K+|27K+||11/05/2024 21:56:46,,,,,,,,,,,,,
Scary Elevatorüò® [Survive the Killers!],@MrNotSoHERO,Ages 9+,398,1752983,417.0M+,Not Supported,Not Supported,2/7/2009,11/2/2024,19,Survival,411K+,88K+
School [HORROR],RootPart Studios,All Ages,144,2952686,53.0M+,Supported,Supported,7/16/2022,10/11/2024,10,Adventure,15K+,20K+
School Bus Simulator 24,JustGames.cc,All Ages,448,90584,34.9M+,Supported,Not Supported,4/15/2020,11/3/2024,8,Simulation,23K+,5917
SCP Games and SCP Monsters,@lolbuih,Ages 9+,2394,575673,622.5M+,Supported,Supported,8/14/2021,11/2/2024,20,Roleplay &amp; Avatar Sim,91K+,23K+
SCP Monsters or Trevor Creatures,@lolbuih,Ages 9+,1741,68941,196.4M+,Supported,Not Supported,2/16/2022,10/31/2024,15,Survival,10K+,6088
SCP: Roleplay,SCP | Roleplay Community,Ages 9+,2188,1065963,339.9M+,Supported,Not Supported,5/16/2020,10/30/2024,40,Roleplay &amp; Avatar Sim,441K+,57K+
Scream Stream [HORROR],CandleLit!,All Ages,767,249625,28.2M+,Supported,Supported,4/13/2024,10/5/2024,50,Adventure,30K+,4847
Secret Killer,Monster Nova Studios,Ages 13+,3046,183760,67.4M+,Supported,Supported,1/20/2024,11/3/2024,14,Survival,106K+,9165
Secret Staycation,„Å≤„Åø„Å§„ÅÆ„Åä„Çã„Åô„Å∞„ÇìÔºöSecret Staycation,All Ages,17548,512529,395.4M+,Not Supported,Not Supported,11/2/2023,11/4/2024,30,Adventure,150K+,25K+
SEEK 2 [150 UPDATE],@Swithack_2,All Ages,22,738,508.0K+,Supported,Not Supported,9/18/2024,10/30/2024,15,N/A,234,426
Shadow Boxing Battles,@NowDoTheHarlemShake,All Ages,1197,461195,257.7M+,Supported,Not Supported,5/12/2023,8/5/2023,32,Action,172K+,27K+
SharkBite Classic ü¶à,Abracadabra,Ages 9+,545,5028575,1.5B+,Supported,Not Supported,4/11/2017,10/24/2024,15,Survival,1M+,183K+
Shin Sonic Meal Line Simulator,Great Line Group,All Ages,294,725879,3.9M+,Supported,Supported,9/30/2024,10/18/2024,50,N/A,6934,3254
Shindo Life [238],RELL World,Ages 9+,12866,2939712,2.4B+,Not Supported,Not Supported,1/21/2020,8/10/2024,5,RPG,2M+,138K+
Shoot a Friend [2 Player Obby],Lukin Studios,All Ages,740,92494,17.0M+,Supported,Supported,3/9/2024,11/3/2024,14,Obby &amp; Platformer,103K+,3449
Shoot and Eat Noobs,SG Studios.,Ages 13+,662,149535,57.9M+,Supported,Not Supported,8/13/2023,11/4/2024,7,Shooter,53K+,8283
Shoot Wall Simulator,Toptier Production,All Ages,266,896366,67.9M+,Not Supported,Not Supported,4/7/2023,11/1/2024,7,Simulation,303K+,18K+
Short and Tall [2 Player Obby],Studio ETON,All Ages,367,3430611,38.5M+,Supported,Not Supported,12/19/2021,10/17/2024,30,Obby &amp; Platformer,12K+,5767
Short Creepy Horror Stories [no gore and blood],@kharbor_ykt,All Ages,415,1836,363.3K+,Supported,Supported,10/24/2024,11/3/2024,30,N/A,255,48
Short Creepy Stories [NEW HORROR STORY],@kharbor_ykt,Ages 17+,45,1139714,250.5M+,Supported,Supported,12/31/2021,11/3/2024,30,Adventure,156K+,36K+
SILLY SCIENCE! üß™ ,Silly Science Studios,All Ages,815,4929,5.6M+,Not Supported,Supported,10/9/2024,10/21/2024,8,N/A,773,495
Sinking Ship Simulator,@kni0002,All Ages,419,1464866,29.2M+,Supported,Supported,1/2/2012,8/13/2024,30,Survival,21K+,7043
Skibidi Toilet War,Y1Studio,All Ages,1021,8507,18.7M+,Not Supported,Supported,7/5/2024,10/23/2024,6,Simulation,2665,1333
Sky Wars|@TiagoAlvesBOSS|All Ages|258|107773|72.1M+|Not Supported|Not Supported|5/28/2017|11/5/2024|16|Action|19K+|5879||11/05/2024 21:56:28,,,,,,,,,,,,,
SKYDIVE Off A TOWER! ü™Ç,@silky_dev,All Ages,547,2040753,98.3M+,Supported,Supported,12/20/2022,11/3/2024,18,Simulation,673K+,12K+
SkyWars üî•,Voxels Studio,Ages 9+,3698,190166,216.3M+,Supported,Not Supported,1/15/2022,9/21/2024,40,Action,99K+,34K+
Slayer Tycoon (v1.7),@Coldjason,All Ages,542,663490,202.1M+,Supported,Not Supported,3/8/2021,8/29/2024,12,Simulation,197K+,31K+
Slide Down A Hill,BaCkaw,All Ages,1521,169013,134.7M+,Supported,Not Supported,6/8/2023,10/28/2024,8,Simulation,111K+,13K+
Smooth Slicing (NEW WEAPON),@gabkiu13,Ages 13+,795,129398,18.1M+,Not Supported,Not Supported,1/19/2021,11/4/2024,8,Action,28K+,12K+
Snake Simulator,Banana Studios Games,All Ages,1892,1193943,22.7M+,Not Supported,Not Supported,6/25/2024,10/19/2024,12,Simulation,34K+,15K+
Sneaker Resell Simulator,Maki Labs,All Ages,1360,123828,56.6M+,Supported,Not Supported,4/4/2023,11/4/2024,6,Simulation,50K+,4804
Sonic Showdown,Sonic Showdown,Ages 9+,471,89835,26.2M+,Supported,Not Supported,9/24/2023,10/18/2024,25,Action,30K+,8019
Sonic.EXE RP ,@OutLaikRBLX,Ages 13+,869,228073,124.1M+,Not Supported,Not Supported,4/4/2020,10/30/2024,25,Roleplay &amp; Avatar Sim,67K+,10K+
SORROW [Horror],Drawing Board Studios,Ages 13+,126,139571,9.7M+,Supported,Not Supported,12/6/2022,11/4/2024,30,Adventure,15K+,3522
Southwest Florida Beta,Strigid,Ages 9+,6237,1646750,624.0M+,Supported,Not Supported,5/29/2020,10/9/2024,40,Simulation,632K+,70K+
Speed Run 4 üç©üòã[UPDATE] ,@Vurse,All Ages,1162,4390381,1.5B+,Supported,Supported,10/21/2014,11/3/2024,30,Obby &amp; Platformer,984K+,333K+
Speed Run 4 NIGHTMARE Mode,BlŒøx Universe,Ages 13+,596,23564,4.1M+,Supported,Supported,9/12/2024,10/28/2024,30,N/A,5359,4582
Spider,@RoyStanford,All Ages,6385,2573669,2.4B+,Not Supported,Not Supported,6/1/2020,3/22/2022,6,Survival,529K+,200K+
Spray Paint!,@SheriffTaco,All Ages,7406,1911711,1.1B+,Supported,Supported,11/23/2020,11/4/2024,25,Party &amp; Casual,459K+,94K+
Sprunki - 3D Roleplay! (EARLY TESTING),@HarryCreatorPlays,All Ages,1355,11424,6.5M+,Supported,Supported,9/20/2024,10/13/2024,75,N/A,3120,417
Squid Game O,@Chi_zcv,All Ages,778,102261,97.0M+,Not Supported,Not Supported,9/22/2021,11/3/2024,60,Party &amp; Casual,20K+,7239
Squid Game O|@Chi_zcv|All Ages|806|102364|97.2M+|Not Supported|Not Supported|9/22/2021|11/3/2024|60|Party &amp; Casual|20K+|7246||11/05/2024 21:56:30,,,,,,,,,,,,,
starving artists (DONATION GAME),Double Bandit Studios,All Ages,1269,1238247,422.4M+,Supported,Not Supported,2/24/2022,11/3/2024,18,Social,467K+,53K+
Street Basketball Arcade (New Update),@Dicdwo2_brother,All Ages,0,331,229.8K+,Not Supported,Supported,1/22/2024,10/20/2024,16,N/A,75,42
Street Fight üëä,Chefs Games,Ages 9+,218,38072,3.4M+,Not Supported,Not Supported,8/11/2024,10/17/2024,20,N/A,5078,550
Street Life Console Support üéÆ,Street Life Productions,All Ages,646,778576,20.6M+,Supported,Not Supported,4/30/2024,11/4/2024,30,Action,36K+,7230
Street Shootout (Alpha),@FMurda,All Ages,791,128553,33.6M+,Supported,Not Supported,3/30/2020,11/3/2024,22,Shooter,36K+,14K+
Strength Simulator,Strength Sim,All Ages,367,37070,53.3M+,Not Supported,Not Supported,6/7/2023,10/19/2024,7,Simulation,21K+,2423
Studio Lite,@ScottSpiritWalker,All Ages,235,52889,15.7M+,Not Supported,Not Supported,9/20/2022,11/1/2024,1,Simulation,16K+,3893
Super Dunk üèÄ,BOSSCAT,All Ages,294,2543880,99.0M+,Not Supported,Not Supported,1/23/2023,9/19/2024,20,Simulation,85K+,5448
Super Football,@jcs1p,All Ages,232,27924,60.8M+,Not Supported,Not Supported,4/8/2023,11/1/2024,10,Sports &amp; Racing,9045,3907
Super Hero Tycoon,Super Heroes‚Ñ¢,Ages 9+,2057,10249158,2.3B+,Supported,Not Supported,12/12/2016,11/1/2024,10,Simulation,712K+,161K+
Survive 100 Days In Nuclear Bunker,Rusty Robot Inc,All Ages,561,68635,73.3M+,Not Supported,Supported,8/15/2024,10/16/2024,50,Survival,38K+,10K+
Survive 100 Days on Desert Island,sand survival studios,All Ages,828,17747,11.2M+,Not Supported,Supported,10/1/2024,10/2/2024,50,N/A,2577,1384
Swim League [New TrainersüéÉ],Swim Race Champion,All Ages,5878,845162,33.6M+,Not Supported,Not Supported,8/27/2024,11/1/2024,10,Simulation,63K+,3286
Sword Battle Simulator,Mega Simulator Games!,Ages 9+,218,253449,4.1M+,Not Supported,Not Supported,8/25/2024,11/3/2024,13,Simulation,25K+,624
Sword Clashers Simulator ‚öîÔ∏è,TBlox Mini,All Ages,2507,18664,2.4M+,Supported,Not Supported,6/10/2024,11/3/2024,16,N/A,32K+,679
Swordburst 2,Swordburst 2,Ages 13+,631,1222579,149.2M+,Supported,Not Supported,2/17/2017,8/7/2024,15,RPG,417K+,58K+
Swordmaster Simulator [RE-ROLLS],Peak Entertainment!,All Ages,462,27209,8.8M+,Not Supported,Not Supported,11/30/2023,10/24/2024,16,Simulation,19K+,1763
Tallest Bungee Jump Obby,jump off bungee thing game studio,All Ages,376,397799,2.8M+,Not Supported,Supported,10/5/2024,11/4/2024,50,N/A,69K+,4381
Tandem [2 Player Obby],Crazay Obstacles,All Ages,324,2065407,19.2M+,Supported,Supported,8/2/2024,10/1/2024,12,Obby &amp; Platformer,13K+,1971
Tax Fraud Tycoon,iLegal Experiences,All Ages,573,79326,4.5M+,Not Supported,Supported,3/26/2024,11/2/2024,4,Simulation,47K+,3147
Team Daycare Escape! (TEAMWORK OBBY),Superfly Obbies,All Ages,2218,185761,331.4M+,Not Supported,Not Supported,6/10/2023,10/28/2024,12,Obby &amp; Platformer,20K+,9248
Team Obby [UPD4],A+ Teamwork,All Ages,773,5334458,41.1M+,Supported,Not Supported,8/12/2023,10/29/2024,18,Obby &amp; Platformer,3020,1801
Team Soccer (3 vs. 3),üê¶Cardinal Studios‚Ñ¢,All Ages,2446,406624,36.8M+,Supported,Not Supported,1/4/2023,11/3/2024,8,Sports &amp; Racing,15K+,5240
Teamwork Puzzles (Obby),LemonBread Studios,All Ages,1565,135600,275.7M+,Supported,Supported,4/20/2023,10/15/2024,16,Obby &amp; Platformer,16K+,32K+
Teamwork Puzzles 2 (Obby),Pear Pressure,All Ages,1709,13958656,716.6M+,Supported,Supported,2/28/2023,11/1/2024,22,Obby &amp; Platformer,634K+,46K+
Teddy üéÉ,@GnomeCode,Ages 9+,520,732113,675.4M+,Not Supported,Not Supported,11/1/2020,10/25/2024,6,Survival,113K+,33K+
Tell Me! [2 Player Obby],Kiwi Experiences,All Ages,310,294394,46.7M+,Supported,Not Supported,9/11/2023,10/31/2024,16,Obby &amp; Platformer,23K+,5011
Tennis Simulator,Crew Simulators,All Ages,83,626239,6.2M+,Not Supported,Not Supported,4/22/2024,10/29/2024,12,Simulation,14K+,766
Thats not my Robloxian,Scary Developers,All Ages,609,396929,58.0M+,Not Supported,Not Supported,3/19/2024,11/3/2024,50,Puzzle,85K+,4303
The Basketball Park,@megakamron,All Ages,0,18,7303,Not Supported,Not Supported,5/29/2017,5/29/2017,35,N/A,2,5
The Battle Bricks,Tumore,All Ages,248,87523,13.8M+,Not Supported,Not Supported,9/6/2022,10/29/2024,1,Strategy,30K+,6627
The Butchery [HORROR],@chubby_baby7,Ages 13+,316,389629,43.8M+,Supported,Supported,12/26/2022,9/2/2024,20,Adventure,60K+,13K+
The Cabin [HORROR],Eggcellent Experiences,All Ages,240,805596,29.4M+,Supported,Supported,12/17/2023,9/17/2024,20,Survival,48K+,17K+
The Chosen One,@TomazDev,All Ages,1815,135542,152.5M+,Supported,Supported,10/2/2022,5/17/2024,15,Simulation,79K+,19K+
The Classic Soccer,@guigoals,All Ages,678,6813,12.1M+,Supported,Not Supported,6/6/2023,6/29/2024,10,Sports &amp; Racing,4723,1458
The Creatures [HORROR],Cairo stuff,All Ages,0,19,1553,Supported,Not Supported,5/23/2023,8/19/2023,12,N/A,7,4
The Curse [HORROR],@ItzMePanos,Ages 13+,2619,92776,9.0M+,Supported,Not Supported,10/15/2023,11/3/2024,8,Survival,20K+,5601
The Dead [HORROR],Astra's Army,All Ages,74,164493,25.0M+,Supported,Not Supported,6/2/2022,11/2/2024,15,Survival,23K+,16K+
The Dropper ‚ú® [130+ LEVELS!],@KoolWaterLK,All Ages,1455,1431299,650.8M+,Supported,Not Supported,7/17/2014,11/2/2024,12,Obby &amp; Platformer,292K+,131K+
The Floor Is LAVA! üî•,@TheLegendOfPyro,All Ages,6904,3361882,2.5B+,Supported,Not Supported,5/16/2017,11/4/2024,16,Survival,710K+,231K+
The Games|Roblox Presents|All Ages|35|95169|71.8M+|Supported|Supported|7/4/2024|10/30/2024|20|Entertainment|76K+|29K+||11/05/2024 21:55:41,,,,,,,,,,,,,
The Haunt,Roblox Presents,All Ages,238,99938,53.3M+,Supported,Supported,9/20/2024,11/2/2024,20,Entertainment,73K+,33K+
The Highest Ever Waterslide Obby,No School Studios,All Ages,1053,6255511,41.6M+,Not Supported,Supported,7/20/2024,11/3/2024,45,Simulation,14K+,7819
the horror,@Emanuelsodado,All Ages,0,1,0,Not Supported,Supported,5/25/2024,5/25/2024,9,N/A,0,0
The Interview üîä,Chefs Games,All Ages,615,830975,23.8M+,Supported,Supported,7/7/2024,10/4/2024,40,N/A,69K+,5713
The Intruder,@Official_Bulderme,All Ages,629,1051504,350.9M+,Supported,Not Supported,11/23/2021,8/19/2024,30,Survival,205K+,24K+
The KJ Games [Added JUN!],@DayersK,All Ages,213,592,134.5K+,Supported,Not Supported,9/11/2024,11/3/2024,15,N/A,225,31
The Powder Box,@Ethanthegrand14,All Ages,775,101283,33.1M+,Not Supported,Not Supported,3/29/2022,10/24/2024,1,Simulation,28K+,2007
The Presentation Experience,Minimal Games,Ages 9+,2314,1377635,397.5M+,Supported,Not Supported,10/18/2021,11/4/2024,16,Roleplay &amp; Avatar Sim,447K+,36K+
The racings cars,@megalodon12131,All Ages,0,3,2459,Supported,Supported,8/5/2024,8/8/2024,7,N/A,3,1
The Rake REMASTERED,@RVVZ,Ages 13+,541,1480458,155.8M+,Supported,Not Supported,9/28/2018,6/24/2022,8,Survival,503K+,39K+
The Robloxia: Until Dawn,The Robloxia: Until Dawn community,Ages 13+,556,54518,6.1M+,Not Supported,Not Supported,5/4/2024,11/3/2024,7,Survival,15K+,2874
The Spooktober Experience üéÉ,NRFL Studios,All Ages,330,6526,228.0K+,Supported,Supported,10/16/2024,11/3/2024,20,N/A,344,36
The Strongest Battlegrounds,Yielding Arts,Ages 9+,131795,4225420,8.9B+,Supported,Not Supported,8/2/2022,11/4/2024,15,Action,2M+,574K+
The Strongest Battlegrounds|Yielding Arts|Ages 9+|121357|4231888|8.9B+|Supported|Not Supported|8/2/2022|11/4/2024|15|Action|2M+|576K+||11/05/2024 21:56:09,,,,,,,,,,,,,
The Vampire Legacies 2 BETA,The Vampire Legacies,Ages 13+,567,61546,10.1M+,Supported,Not Supported,8/12/2022,10/25/2024,30,Roleplay &amp; Avatar Sim,18K+,1015
The Wild West,Starboard Studios,Ages 9+,2029,1512738,273.4M+,Supported,Not Supported,9/5/2018,11/3/2024,30,RPG,574K+,81K+
Theme Park Tycoon 2,@Den_S,All Ages,5077,5786589,1.3B+,Supported,Not Supported,1/2/2012,10/8/2024,6,Simulation,1M+,245K+
therapy üîä,@LINDON55,Ages 9+,2181,308613,70.5M+,Supported,Supported,12/19/2021,10/29/2024,30,Social,54K+,6473
Those Who Remain,Peak Development Studios,Ages 13+,658,1037816,100.2M+,Supported,Not Supported,8/25/2016,10/26/2024,50,Shooter,379K+,22K+
Throw Me [2 Player Obby],XN Games Studio,All Ages,1179,136554,1.3M+,Supported,Supported,4/19/2024,11/2/2024,20,N/A,1684,202
Timber 2! üéÉ,TBlox Studios,All Ages,542,29983,5.9M+,Supported,Supported,10/6/2023,10/28/2024,6,Simulation,25K+,1399
Toby's HOSPITAL (SCARY OBBY),Diabolical Obbies,All Ages,1256,88815,53.4M+,Not Supported,Not Supported,8/14/2022,10/16/2024,12,Obby &amp; Platformer,39K+,9465
Together [Party Game] ü™∏ DEEP OCEAN! ü¶ë,Maxx Fun,All Ages,7872,755022,229.8M+,Supported,Not Supported,7/9/2023,10/19/2024,50,Obby &amp; Platformer,88K+,16K+
Together [Party Game] ü™∏ DEEP OCEAN! ü¶ë|Maxx Fun|All Ages|4096|756497|230.7M+|Supported|Not Supported|7/9/2023|10/19/2024|50|Obby &amp; Platformer|88K+|16K+||11/05/2024 21:56:14,,,,,,,,,,,,,
Toilet Simulator,MagicCube,Ages 9+,1010,176747,7.2M+,Not Supported,Supported,8/27/2024,10/22/2024,6,N/A,651,536
Total Roblox Drama,Mojo's Games,All Ages,3012,869814,541.5M+,Supported,Not Supported,4/12/2020,11/2/2024,50,Party &amp; Casual,235K+,54K+
Touch Football,Touch Games,All Ages,1938,39394,86.0M+,Supported,Not Supported,2/20/2024,11/2/2024,10,Sports &amp; Racing,29K+,6004
Touch Soccer,@Emilping2012,All Ages,584,34162,60.6M+,Not Supported,Not Supported,10/10/2022,4/24/2024,8,Sports &amp; Racing,16K+,6596
Touch Soccer League,@Emilping2012,All Ages,71,51250,49.9M+,Not Supported,Not Supported,12/10/2021,4/24/2024,16,Sports &amp; Racing,31K+,8584
Tower Defense RNG [UPD],Stouts Studio,All Ages,4233,49104,1.1M+,Not Supported,Supported,7/13/2024,11/4/2024,6,N/A,13K+,812
Tower of Hell,YXCeptional Studios,All Ages,9587,11171277,24.0B+,Supported,Not Supported,6/19/2018,10/28/2024,20,Obby &amp; Platformer,3M+,1M+
Tower of Jump [FREE HALOSüòá],BloxGroup Studios,All Ages,1891,725114,619.7M+,Supported,Not Supported,8/6/2021,7/22/2024,18,Obby &amp; Platformer,161K+,33K+
Tower of Misery,Limitless Studio,All Ages,1250,2747305,3.7B+,Supported,Not Supported,4/28/2020,10/19/2024,18,Obby &amp; Platformer,736K+,196K+
town,@DecodeUnicode,Ages 13+,607,258401,56.2M+,Supported,Not Supported,5/6/2020,10/21/2024,30,Action,108K+,37K+
TPS: Street Soccer üèÜ,@TAYFUN7,Ages 9+,1010,560465,668.0M+,Not Supported,Not Supported,12/24/2015,11/4/2024,6,Sports &amp; Racing,230K+,81K+
TPS: Ultimate Soccer,@TAYFUN7,All Ages,509,311073,170.2M+,Supported,Supported,11/23/2008,11/4/2024,8,Sports &amp; Racing,77K+,18K+
Trampoline Battle Simulator,Innerprod,All Ages,791,15080,18.1M+,Not Supported,Not Supported,11/20/2023,11/2/2024,15,Simulation,12K+,1293
Treasure Hunt Simulator,@HenryDev,All Ages,676,3424616,673.4M+,Not Supported,Not Supported,1/20/2018,3/31/2024,14,Simulation,949K+,96K+
Tropical Restaurant Tycoon,Tiny Panda Studio,All Ages,49,38203,3.1M+,Not Supported,Not Supported,3/9/2024,4/27/2024,4,Simulation,24K+,1945
Tsunami Game,Virtual Valley Games,Ages 9+,1315,493782,181.8M+,Not Supported,Not Supported,11/14/2021,10/24/2024,30,Survival,107K+,28K+
Tsunami Game|Virtual Valley Games|Ages 9+|1216|493928|182.0M+|Not Supported|Not Supported|11/14/2021|10/24/2024|30|Survival|107K+|28K+||11/05/2024 21:56:07,,,,,,,,,,,,,
T-Titans Battlegrounds,@Toxicator1,Ages 9+,643,1056875,636.2M+,Supported,Not Supported,4/17/2019,11/4/2024,15,Action,301K+,92K+
Tug of War Simulator,Filtered Games,All Ages,1215,898772,22.7M+,Not Supported,Supported,3/10/2024,8/20/2024,10,Simulation,26K+,1303
Turbo Doomspire BrickBattle (No CoolDown),@smatestguy,Ages 9+,515,22736,11.0M+,Supported,Not Supported,1/24/2017,10/31/2024,16,N/A,7540,2680
TURBO TOWER BATTLES OBBY EDITION,@EIementistic,Ages 9+,380,13297,15.2M+,Supported,Not Supported,4/24/2020,10/28/2024,12,Action,2675,2015
Twisted [BETA],Twisted Official,All Ages,626,272790,36.4M+,Supported,Not Supported,12/30/2020,11/4/2024,25,Simulation,75K+,10K+
Two Player Obby 2,Funny.Games,All Ages,131,710840,447.3M+,Supported,Not Supported,3/8/2021,5/6/2023,16,Obby &amp; Platformer,111K+,51K+
TYPE://SOUL [NEW UPD],Type Soul,Ages 13+,5300,360573,509.0M+,Supported,Not Supported,7/15/2023,11/4/2024,1,RPG,256K+,62K+
Typical Colors 2 [üéÉ] [MOBILE BETA],Dorcus Digital,Ages 9+,882,471534,117.7M+,Supported,Not Supported,12/4/2015,11/3/2024,24,Shooter,161K+,41K+
Ultimate Battlegrounds,By,Ages 9+,12026,357534,202.1M+,Supported,Not Supported,12/14/2022,11/3/2024,15,Action,210K+,45K+
Ultimate Driving,Ultimate Driving Universe,Ages 9+,261,1849987,439.6M+,Supported,Not Supported,6/25/2011,9/17/2024,45,Simulation,772K+,90K+
Ultimate Ragdoll Playground,@ShrekWasMyIdea,Ages 9+,647,84117,74.6M+,Supported,Supported,10/15/2022,10/31/2024,35,Simulation,11K+,2485
Ultra Power Tycoon,Rainbow Flower Studios,Ages 9+,932,527116,479.8M+,Not Supported,Not Supported,12/1/2021,8/6/2024,12,Simulation,250K+,52K+
Ultra Toilet Roleplay 2 [11.0],Ultimate Super Toilet Roleplay,All Ages,2348,116099,134.8M+,Supported,Not Supported,11/5/2023,11/4/2024,50,Roleplay &amp; Avatar Sim,59K+,6988
Underground War 2.0 ‚öîÔ∏è [NUKE],@capserg,Ages 9+,4069,382981,525.7M+,Supported,Not Supported,6/2/2022,10/18/2024,12,Action,220K+,36K+
Undertale Test Place Reborn,@i8cheese,Ages 9+,781,351830,108.3M+,Not Supported,Not Supported,9/17/2021,10/30/2024,16,Action,125K+,25K+
Unlimited Drifting,INGameWorks Studio,All Ages,10,3674,2.7M+,Not Supported,Not Supported,1/9/2023,1/18/2023,1,Simulation,758,516
Unnamed Shooter,@Lua_Fish,Ages 9+,1479,97125,37.3M+,Not Supported,Not Supported,7/27/2023,11/1/2024,20,Shooter,39K+,13K+
untitled tag game [recode] ,_create,All Ages,4392,462574,180.4M+,Supported,Supported,7/13/2023,11/4/2024,40,Party &amp; Casual,330K+,32K+
Valorized' Goober Sanctuary [HAPPY HALLOWEEN],@xELIASx30,All Ages,6,295,82.7K+,Supported,Supported,9/4/2024,11/4/2024,100,N/A,94,44
Vayhood Hangout ‚ù§Ô∏è,@TheOfficiaITeddy,All Ages,2300,1064417,10.5M+,Supported,Supported,1/16/2024,11/4/2024,50,Social,3198,1338
Venom Simulator ,@Spider_Engineer,Ages 9+,594,48096,106.8M+,Supported,Not Supported,7/2/2015,3/13/2024,10,Action,9632,9511
vLife üè° RP,Dreamfusion Games,All Ages,854,29476,5.9M+,Supported,Supported,9/7/2024,10/19/2024,25,Roleplay &amp; Avatar Sim,3999,1134
Volleyball 4.2,unlimited bolg works,All Ages,3988,441792,252.7M+,Supported,Not Supported,9/9/2019,10/30/2024,24,Sports &amp; Racing,153K+,16K+
VR Hangout v1.5,Splite Studios,All Ages,594,101562,72.2M+,Supported,Not Supported,2/9/2022,10/19/2024,25,Social,26K+,10K+
Wacky Wizards,Whacky Wizards,All Ages,1499,1969329,892.6M+,Not Supported,Not Supported,5/31/2021,8/12/2024,28,Simulation,576K+,61K+
Warrior Cats: Ultimate Edition,WarriorCatsRP,All Ages,7531,1214786,544.3M+,Not Supported,Not Supported,8/16/2019,11/4/2024,60,Roleplay &amp; Avatar Sim,392K+,29K+
Weakest Dummy Fights Back (UPDATE),@Kynsur,All Ages,491,805,593.8K+,Supported,Not Supported,10/17/2024,11/4/2024,7,N/A,185,275
Weird Interesting Game üòç (UPD!)|@Sigma_baconl4|All Ages|176|71044|2.2M+|Not Supported|Supported|8/14/2024|10/24/2024|50|N/A|66K+|35K+||11/05/2024 21:55:37,,,,,,,,,,,,,
weird strict dad [BOOK 2],BlueLoop Studios,All Ages,488,465007,341.0M+,Supported,Not Supported,9/16/2023,9/21/2024,20,Adventure,115K+,21K+
weird strict friends üí•,Small Noob Games,All Ages,80,14562,1.2M+,Supported,Supported,1/30/2024,9/7/2024,35,Adventure,862,471
Welcome to Bloxburg,Bloxburg Development,All Ages,25178,13560970,9.0B+,Supported,Supported,11/4/2014,10/25/2024,12,Roleplay &amp; Avatar Sim,5M+,714K+
Where's the Baby! ,@Smellysuperfart,All Ages,800,1565108,332.4M+,Not Supported,Not Supported,3/13/2016,12/20/2020,70,Party &amp; Casual,331K+,84K+
Wild horse Roleplay,@ananaspitch46,All Ages,124,4106,900.3K+,Not Supported,Not Supported,7/1/2022,11/1/2024,20,N/A,1370,708
Wizard Tycoon - 2 Player,@TheFermiParadox,Ages 9+,899,1869901,656.3M+,Supported,Not Supported,8/9/2015,7/9/2024,8,Simulation,426K+,60K+
World Of Cars (Cars 3 Pack) (LIGHTNING MCQUEEN),@legoMata,All Ages,45,25733,11.2M+,Not Supported,Not Supported,6/23/2018,10/30/2024,30,Simulation,16K+,1302
WPKüí•Winning Penalty Kick   ‚öΩSoccer‚öΩFootballüèÜCup,@GameWater1984,All Ages,155,71533,30.0M+,Not Supported,Not Supported,1/7/2023,10/31/2024,12,Sports &amp; Racing,15K+,2898
Wrestling Legends,Legendary Wrestlers,All Ages,1011,242542,3.9M+,Supported,Supported,9/12/2024,10/31/2024,24,N/A,3589,1001
WWE 2K23 Roblox Wrestling,Vision Ent.,Ages 9+,165,76025,40.9M+,Not Supported,Not Supported,10/29/2019,10/17/2024,16,Sports &amp; Racing,27K+,6486
Yeet A Friend!,Low Effort Studios.,All Ages,2437,920023,348.9M+,Supported,Supported,12/1/2022,11/4/2024,12,Simulation,636K+,34K+
Yoinkz! [2-Player],Worried Productions (ROBLOX),All Ages,501,58160,1.3M+,Supported,Not Supported,9/28/2024,10/28/2024,30,N/A,3560,528
YooBroxDD's DOORS RP üëÅÔ∏è,@YooBroxDD,All Ages,569,18430,15.7M+,Supported,Supported,6/4/2024,10/19/2024,25,Roleplay &amp; Avatar Sim,12K+,2265
Your Hospital,Windburst Banana,All Ages,835,78314,3.3M+,Supported,Supported,4/23/2024,11/4/2024,6,Simulation,17K+,1444
Youtuber Tycoon! [ELEVATOR] ,Shiny Pixels,Ages 9+,1651,639274,576.6M+,Supported,Not Supported,11/12/2021,11/4/2024,8,Simulation,226K+,35K+
ZO SAMURAI SWORD FIGHTING,ZO by Voldex,Ages 9+,1588,1571422,547.0M+,Supported,Not Supported,4/14/2021,10/30/2024,25,Action,683K+,146K+
Zombie Attack,Zombie Attack Official,Ages 9+,1192,5769009,1.6B+,Not Supported,Not Supported,12/12/2017,10/14/2024,8,Survival,1M+,79K+
Zombie Survival Garry's Mod,@Frayz_XD,Ages 13+,566,95002,53.2M+,Supported,Not Supported,7/8/2022,10/22/2024,20,Survival,21K+,7630
Zombie Uprising,USSF - United States Special Forces,Ages 9+,2534,3204743,1.0B+,Supported,Not Supported,5/2/2020,10/14/2024,5,Shooter,920K+,47K+
Zombies vs Humans,Dejavu Studios,Ages 9+,2616,72248,13.3M+,Supported,Not Supported,12/28/2023,11/3/2024,24,Survival,38K+,6097
Zoochosis üéÉ,@Russian_Dota,All Ages,228,894439,6.7M+,Not Supported,Supported,8/3/2024,11/3/2024,10,N/A,1031,564
Zooo,@manato48,Ages 9+,1085,67851,139.4M+,Supported,Supported,5/12/2023,11/2/2024,55,Survival,18K+,6273
,,,,,,,,,,,,,
,,,,,,,,,,,,,
,,,,,,,,,,,,,
,,,,,,,,,,,,,
,,,,,,,,,,,,,
,,,,,,,,,,,,,
,,,,,,,,,,,,,
,,,,,,,,,,,,,
,,,,,,,,,,,,,
,,,,,,,,,,,,,
,,,,,,,,,,,,,
,,,,,,,,,,,,,
,,,,,,,,,,,,,
,,,,,,,,,,,,,
,,,,,,,,,,,,,
,,,,,,,,,,,,,
,,,,,,,,,,,,,
,,,,,,,,,,,,,
,,,,,,,,,,,,,
,,,,,,,,,,,,,
,,,,,,,,,,,,,
